<configuration>
    <!--引用 application-xxx.yml 里的配置-->
    <springProperty scope="context" name="graylog.graylogHost" source="graylog.graylogHost"/>
    <springProperty scope="context" name="graylog.graylogPort" source="graylog.graylogPort"/>
    <springProperty scope="context" name="graylog.app_name" source="graylog.app_name"/>
    <springProperty scope="context" name="address.ip" source="address.ip"/>

    <property name="PATTERN" value="%d{yyyy-MM-dd HH:mm:ss} %-5level [%thread%X{sourceThread}]%logger{24} - %msg%n"/>
    <appender name="STDOUT" class="ch.qos.logback.core.ConsoleAppender">
        <encoder class="ch.qos.logback.classic.encoder.PatternLayoutEncoder">
            <pattern>%d{MM/dd/yyyy HH:mm:ss} %-5level [%thread%X{sourceThread}]%logger{24} - %msg%n</pattern>
        </encoder>
    </appender>

    <appender name="FILE" class="ch.qos.logback.core.rolling.RollingFileAppender">
        <file>/data/logs/cloud-graylog/util/log.log</file>
        <rollingPolicy class="ch.qos.logback.core.rolling.TimeBasedRollingPolicy">
            <fileNamePattern>/data/logs/cloud-graylog/util/log.%d{yyyy-MM-dd}.log.gz</fileNamePattern>
            <maxHistory>180</maxHistory>
        </rollingPolicy>
        <encoder class="ch.qos.logback.classic.encoder.PatternLayoutEncoder">
            <pattern>%d{MM/dd/yyyy HH:mm:ss} %-5level ${version} [%thread]%logger{16} - %msg%n
            </pattern>
        </encoder>
    </appender>

    <appender name="ERROR_FILE" class="ch.qos.logback.core.rolling.RollingFileAppender">
        <filter class="ch.qos.logback.classic.filter.ThresholdFilter">
            <level>ERROR</level>
        </filter>
        <File>/data/logs/cloud-graylog/util/error.log</File>
        <rollingPolicy class="ch.qos.logback.core.rolling.TimeBasedRollingPolicy">
            <fileNamePattern>/data/logs/cloud-graylog/util/error-%d{yyyyMMdd}.log.%i
            </fileNamePattern>
            <timeBasedFileNamingAndTriggeringPolicy class="ch.qos.logback.core.rolling.SizeAndTimeBasedFNATP">
                <maxFileSize>500MB</maxFileSize>
            </timeBasedFileNamingAndTriggeringPolicy>
            <maxHistory>180</maxHistory>
        </rollingPolicy>
        <layout class="ch.qos.logback.classic.PatternLayout">
            <Pattern>%d{yyyy-MM-dd HH:mm:ss.SSS} [%thread] %-5level %logger{36} -%msg%n
            </Pattern>
        </layout>
    </appender>

    <appender name="SQL" class="ch.qos.logback.core.rolling.RollingFileAppender">
        <file>/data/logs/cloud-graylog/util/sql.log</file>
        <rollingPolicy class="ch.qos.logback.core.rolling.TimeBasedRollingPolicy">
            <fileNamePattern>/data/logs/cloud-graylog/util/sql.%d{yyyy-MM-dd}.log.gz</fileNamePattern>
            <maxHistory>180</maxHistory>
        </rollingPolicy>
        <encoder class="ch.qos.logback.classic.encoder.PatternLayoutEncoder">
            <pattern>%d{MM/dd/yyyy HH:mm:ss} %-5level ${version} [%thread]%logger{16} - %msg%n
            </pattern>
        </encoder>
    </appender>
    <!--各自项目修改成自己的目录-->
    <logger name="com.play.guizhou.perfect.mapper" level="debug">
        <appender-ref ref="SQL"/>
    </logger>


    <!--统一日志收集平台配置-->
    <appender name="GELF" class="de.siegmar.logbackgelf.GelfUdpAppender">
        <graylogHost>${graylog.graylogHost}</graylogHost>
        <graylogPort>${graylog.graylogPort}</graylogPort>
        <maxChunkSize>508</maxChunkSize>
        <useCompression>true</useCompression>
        <encoder class="de.siegmar.logbackgelf.GelfEncoder">
            <includeRawMessage>false</includeRawMessage>
            <includeMarker>true</includeMarker>
            <includeMdcData>true</includeMdcData>
            <includeCallerData>false</includeCallerData>
            <includeRootCauseData>false</includeRootCauseData>
            <includeLevelName>true</includeLevelName>
            <shortPatternLayout class="ch.qos.logback.classic.PatternLayout">
                <pattern>%m%nopex</pattern>
            </shortPatternLayout>
            <fullPatternLayout class="ch.qos.logback.classic.PatternLayout">
                <pattern>%m%n</pattern>
            </fullPatternLayout>
            <numbersAsString>false</numbersAsString>
            <staticField>app_name:${graylog.app_name}</staticField>
            <staticField>address_ip:${address.ip}</staticField>
        </encoder>
    </appender>

    <root level="INFO">
        <appender-ref ref="STDOUT"/>
        <appender-ref ref="FILE"/>
        <appender-ref ref="ERROR_FILE"/>
        <appender-ref ref="GELF" />
    </root>
</configuration>
